Subject_Mu_20CSD_100psy,Run1_Trial20,Run2_Trial20,Run3_Trial20,Run4_Trial20,Run5_Trial20,Run6_Trial20,Run1_Trial100,Run2_Trial100,Run3_Trial100,Run4_Trial100,Run5_Trial100,Run6_Trial100
1,-0.309250434,-0.240179508,-0.059559563,-0.2,-0.280451303,-0.074849823,-0.026844754,-0.040123311,-0.005674033,0.017591262,0.018863377,-0.011349656
2,0.081084441,0.053539948,0.3246033,0.044012474,0.175573616,0.044780453,-0.120137529,-0.087505312,-0.148597141,-0.075488374,-0.111249903,-0.061568635
3,0.215545223,0.040848435,0.054944266,0.04707008,0.045780547,0.090318144,-0.121721194,-0.139366299,-0.056108737,-0.003911455,-0.02522055,-0.053715781
4,0.009709795,-0.042415732,0.057938073,0.040583007,-0.04313782,0.057534135,0.053444451,0.050513479,-0.029352317,0.006588397,0.012405573,-0.072457319