Subject_Sigma_20CSD_100CSD,Run1_Trial20,Run2_Trial20,Run3_Trial20,Run4_Trial20,Run5_Trial20,Run6_Trial20,Run1_Trial100,Run2_Trial100,Run3_Trial100,Run4_Trial100,Run5_Trial100,Run6_Trial100
1,0.094342177,0.004735207,0.34291692,0.004577274,0.308567778,0.297018172,0.288821654,0.35342522,0.298364857,0.241957106,0.320003494,0.292562896
2,0.184932103,0.22152669,0.310704301,0.149139097,0.194954407,0.107739269,0.238988631,0.182723308,0.27945116,0.175818241,0.198371159,0.157029398
3,0.259455726,0.20007087,0.171343137,0.179977476,0.296650409,0.15864804,0.258465052,0.198348999,0.155811192,0.163489374,0.197567194,0.127414211
4,0.173376171,0.126739146,0.103027396,0.176315286,0.137178642,0.348021834,0.183028651,0.214285335,0.193466283,0.197995722,0.20130611,0.268974775