Subject_Mu_20CSD_100CSD,Run1_Trial20,Run2_Trial20,Run3_Trial20,Run4_Trial20,Run5_Trial20,Run6_Trial20,Run1_Trial100,Run2_Trial100,Run3_Trial100,Run4_Trial100,Run5_Trial100,Run6_Trial100
1,-0.309250434,-0.240179508,-0.059559563,-0.2,-0.280451303,-0.074849823,-0.003444761,-0.036530229,-0.0350158,-0.058877537,-0.098494475,-0.004852038
2,0.081084441,0.053539948,0.3246033,0.044012474,0.175573616,0.044780453,0.083654338,0.126709125,0.148626248,0.089564072,0.089754772,0.049675332
3,0.215545223,0.040848435,0.054944266,0.04707008,0.045780547,0.090318144,0.130538163,0.065899661,0.025925145,0.040939026,0.098166864,0.060979412
4,0.009709795,-0.042415732,0.057938073,0.040583007,-0.04313782,0.057534135,-0.002552389,-0.054665302,0.048802462,-0.005349367,-0.03626039,0.039369776