Subject_Sigma_20psy_100psy,Run1_Trial20,Run2_Trial20,Run3_Trial20,Run4_Trial20,Run5_Trial20,Run6_Trial20,Run1_Trial100,Run2_Trial100,Run3_Trial100,Run4_Trial100,Run5_Trial100,Run6_Trial100
1,0.094342177,0.004735207,0.283459641,0.004577274,0.376840297,0.299913893,0.310191409,0.230315935,0.237248324,0.289351536,0.257437234,0.305159344
2,0.273011039,0.388043733,0.06262717,0.030043764,0.023318395,0.063478024,0.246714578,0.209164203,0.257073362,0.15731813,0.268068994,0.152286838
3,0.300152888,0.183404135,0.163039064,0.055099038,0.348923771,0.008494957,0.206790493,0.033243159,0.130902061,0.165369581,0.19547786,0.108286737
4,0.276816468,0.130854698,0.128906533,0.070459224,0.140463652,0.197481811,0.218721915,0.234688026,0.164658599,0.115746236,0.202739669,0.218402304